<?xml version="1.0" encoding="UTF-8"?>
<project-private xmlns="http://www.netbeans.org/ns/project-private/1">
    <editor-bookmarks xmlns="http://www.netbeans.org/ns/editor-bookmarks/2" lastBookmarkId="0"/>
    <open-files xmlns="http://www.netbeans.org/ns/projectui-open-files/2">
        <group>
            <file>file:/C:/NetbeansUwU/Sobre_Nosotros/web/Sobre_Nosotros.jsp</file>
            <file>file:/C:/NetbeansUwU/Sobre_Nosotros/web/css/css.css</file>
            <file>file:/C:/NetbeansUwU/Sobre_Nosotros/web/index_1.html</file>
        </group>
    </open-files>
</project-private>
